Wochenkalender   KW 1   Dezember 2013/Januar 2014,,,
,,,
30.12.,Montag,2.1.,Donnerstag
,,,
,,,
,,,
,,,
,,,
,,,
,,,
,,,
,,,
31.12.,Dienstag,3.1.,Freitag
,,,
,,,
,,,
,,,
,,,
,,,
,,,
,,,
,,,
1.1.,Mittwoch,4.1.,Samstag
Neujahr,,,
,,,
,,,
,,,
,,5.1.,Sonntag
,,,
,,,
,,,
,,,
© www.kalenderpedia.de,,,Angaben ohne Gewähr
Wochenkalender   KW 2   Januar 2014,,,
,,,
6.1.,Montag,9.1.,Donnerstag
,,,
,,,
,,,
,,,
,,,
,,,
,,,
,,,
,,,
7.1.,Dienstag,10.1.,Freitag
,,,
,,,
,,,
,,,
,,,
,,,
,,,
,,,
,,,
8.1.,Mittwoch,11.1.,Samstag
,,,
,,,
,,,
,,,
,,12.1.,Sonntag
,,,
,,,
,,,
,,,
© www.kalenderpedia.de,,,Angaben ohne Gewähr
Wochenkalender   KW 3   Januar 2014,,,
,,,
13.1.,Montag,16.1.,Donnerstag
,,,
,,,
,,,
,,,
,,,
,,,
,,,
,,,
,,,
14.1.,Dienstag,17.1.,Freitag
,,,
,,,
,,,
,,,
,,,
,,,
,,,
,,,
,,,
15.1.,Mittwoch,18.1.,Samstag
,,,
,,,
,,,
,,,
,,19.1.,Sonntag
,,,
,,,
,,,
,,,
© www.kalenderpedia.de,,,Angaben ohne Gewähr
Wochenkalender   KW 4   Januar 2014,,,
,,,
20.1.,Montag,23.1.,Donnerstag
,,,
,,,
,,,
,,,
,,,
,,,
,,,
,,,
,,,
21.1.,Dienstag,24.1.,Freitag
,,,
,,,
,,,
,,,
,,,
,,,
,,,
,,,
,,,
22.1.,Mittwoch,25.1.,Samstag
,,,
,,,
,,,
,,,
,,26.1.,Sonntag
,,,
,,,
,,,
,,,
© www.kalenderpedia.de,,,Angaben ohne Gewähr
Wochenkalender   KW 5   Januar/Februar 2014,,,
,,,
27.1.,Montag,30.1.,Donnerstag
,,,
,,,
,,,
,,,
,,,
,,,
,,,
,,,
,,,
28.1.,Dienstag,31.1.,Freitag
,,,
,,,
,,,
,,,
,,,
,,,
,,,
,,,
,,,
29.1.,Mittwoch,1.2.,Samstag
,,,
,,,
,,,
,,,
,,2.2.,Sonntag
,,,
,,,
,,,
,,,
© www.kalenderpedia.de,,,Angaben ohne Gewähr
Wochenkalender   KW 6   Februar 2014,,,
,,,
3.2.,Montag,6.2.,Donnerstag
,,,
,,,
,,,
,,,
,,,
,,,
,,,
,,,
,,,
4.2.,Dienstag,7.2.,Freitag
,,,
,,,
,,,
,,,
,,,
,,,
,,,
,,,
,,,
5.2.,Mittwoch,8.2.,Samstag
,,,
,,,
,,,
,,,
,,9.2.,Sonntag
,,,
,,,
,,,
,,,
© www.kalenderpedia.de,,,Angaben ohne Gewähr
Wochenkalender   KW 7   Februar 2014,,,
,,,
10.2.,Montag,13.2.,Donnerstag
,,,
,,,
,,,
,,,
,,,
,,,
,,,
,,,
,,,
11.2.,Dienstag,14.2.,Freitag
,,,
,,,
,,,
,,,
,,,
,,,
,,,
,,,
,,,
12.2.,Mittwoch,15.2.,Samstag
,,,
,,,
,,,
,,,
,,16.2.,Sonntag
,,,
,,,
,,,
,,,
© www.kalenderpedia.de,,,Angaben ohne Gewähr
Wochenkalender   KW 8   Februar 2014,,,
,,,
17.2.,Montag,20.2.,Donnerstag
,,,
,,,
,,,
,,,
,,,
,,,
,,,
,,,
,,,
18.2.,Dienstag,21.2.,Freitag
,,,
,,,
,,,
,,,
,,,
,,,
,,,
,,,
,,,
19.2.,Mittwoch,22.2.,Samstag
,,,
,,,
,,,
,,,
,,23.2.,Sonntag
,,,
,,,
,,,
,,,
© www.kalenderpedia.de,,,Angaben ohne Gewähr
Wochenkalender   KW 9   Februar/März 2014,,,
,,,
24.2.,Montag,27.2.,Donnerstag
,,,
,,,
,,,
,,,
,,,
,,,
,,,
,,,
,,,
25.2.,Dienstag,28.2.,Freitag
,,,
,,,
,,,
,,,
,,,
,,,
,,,
,,,
,,,
26.2.,Mittwoch,1.3.,Samstag
,,,
,,,
,,,
,,,
,,2.3.,Sonntag
,,,
,,,
,,,
,,,
© www.kalenderpedia.de,,,Angaben ohne Gewähr
Wochenkalender   KW 10   März 2014,,,
,,,
3.3.,Montag,6.3.,Donnerstag
,,,
,,,
,,,
,,,
,,,
,,,
,,,
,,,
,,,
4.3.,Dienstag,7.3.,Freitag
,,,
,,,
,,,
,,,
,,,
,,,
,,,
,,,
,,,
5.3.,Mittwoch,8.3.,Samstag
,,,
,,,
,,,
,,,
,,9.3.,Sonntag
,,,
,,,
,,,
,,,
© www.kalenderpedia.de,,,Angaben ohne Gewähr
Wochenkalender   KW 11   März 2014,,,
,,,
10.3.,Montag,13.3.,Donnerstag
,,,
,,,
,,,
,,,
,,,
,,,
,,,
,,,
,,,
11.3.,Dienstag,14.3.,Freitag
,,,
,,,
,,,
,,,
,,,
,,,
,,,
,,,
,,,
12.3.,Mittwoch,15.3.,Samstag
,,,
,,,
,,,
,,,
,,16.3.,Sonntag
,,,
,,,
,,,
,,,
© www.kalenderpedia.de,,,Angaben ohne Gewähr
Wochenkalender   KW 12   März 2014,,,
,,,
17.3.,Montag,20.3.,Donnerstag
,,,
,,,
,,,
,,,
,,,
,,,
,,,
,,,
,,,
18.3.,Dienstag,21.3.,Freitag
,,,
,,,
,,,
,,,
,,,
,,,
,,,
,,,
,,,
19.3.,Mittwoch,22.3.,Samstag
,,,
,,,
,,,
,,,
,,23.3.,Sonntag
,,,
,,,
,,,
,,,
© www.kalenderpedia.de,,,Angaben ohne Gewähr
Wochenkalender   KW 13   März 2014,,,
,,,
24.3.,Montag,27.3.,Donnerstag
,,,
,,,
,,,
,,,
,,,
,,,
,,,
,,,
,,,
25.3.,Dienstag,28.3.,Freitag
,,,
,,,
,,,
,,,
,,,
,,,
,,,
,,,
,,,
26.3.,Mittwoch,29.3.,Samstag
,,,
,,,
,,,
,,,
,,30.3.,Sonntag
,,,
,,,
,,,
,,,
© www.kalenderpedia.de,,,Angaben ohne Gewähr
Wochenkalender   KW 14   April 2014,,,
,,,
31.3.,Montag,3.4.,Donnerstag
Ostermontag,,,
,,,
,,,
,,,
,,,
,,,
,,,
,,,
,,,
1.4.,Dienstag,4.4.,Freitag
,,,
,,,
,,,
,,,
,,,
,,,
,,,
,,,
,,,
2.4.,Mittwoch,5.4.,Samstag
,,,
,,,
,,,
,,,
,,6.4.,Sonntag
,,,
,,,
,,,
,,,
© www.kalenderpedia.de,,,Angaben ohne Gewähr
Wochenkalender   KW 15   April 2014,,,
,,,
7.4.,Montag,10.4.,Donnerstag
,,,
,,,
,,,
,,,
,,,
,,,
,,,
,,,
,,,
8.4.,Dienstag,11.4.,Freitag
,,,
,,,
,,,
,,,
,,,
,,,
,,,
,,,
,,,
9.4.,Mittwoch,12.4.,Samstag
,,,
,,,
,,,
,,,
,,13.4.,Sonntag
,,,
,,,
,,,
,,,
© www.kalenderpedia.de,,,Angaben ohne Gewähr
Wochenkalender   KW 16   April 2014,,,
,,,
14.4.,Montag,17.4.,Donnerstag
,,,
,,,
,,,
,,,
,,,
,,,
,,,
,,,
,,,
15.4.,Dienstag,18.4.,Freitag
,,Karfreitag,
,,,
,,,
,,,
,,,
,,,
,,,
,,,
,,,
16.4.,Mittwoch,19.4.,Samstag
,,,
,,,
,,,
,,,
,,20.4.,Sonntag
,,,
,,,
,,,
,,,
© www.kalenderpedia.de,,,Angaben ohne Gewähr
Wochenkalender   KW 17   April 2014,,,
,,,
21.4.,Montag,24.4.,Donnerstag
Ostermontag,,,
,,,
,,,
,,,
,,,
,,,
,,,
,,,
,,,
22.4.,Dienstag,25.4.,Freitag
,,,
,,,
,,,
,,,
,,,
,,,
,,,
,,,
,,,
23.4.,Mittwoch,26.4.,Samstag
,,,
,,,
,,,
,,,
,,27.4.,Sonntag
,,,
,,,
,,,
,,,
© www.kalenderpedia.de,,,Angaben ohne Gewähr
Wochenkalender   KW 18   April/Mai 2014,,,
,,,
28.4.,Montag,1.5.,Donnerstag
,,Tag der Arbeit,
,,,
,,,
,,,
,,,
,,,
,,,
,,,
,,,
29.4.,Dienstag,2.5.,Freitag
,,,
,,,
,,,
,,,
,,,
,,,
,,,
,,,
,,,
30.4.,Mittwoch,3.5.,Samstag
,,,
,,,
,,,
,,,
,,4.5.,Sonntag
,,,
,,,
,,,
,,,
© www.kalenderpedia.de,,,Angaben ohne Gewähr
Wochenkalender   KW 19   Mai 2014,,,
,,,
5.5.,Montag,8.5.,Donnerstag
,,,
,,,
,,,
,,,
,,,
,,,
,,,
,,,
,,,
6.5.,Dienstag,9.5.,Freitag
,,,
,,,
,,,
,,,
,,,
,,,
,,,
,,,
,,,
7.5.,Mittwoch,10.5.,Samstag
,,,
,,,
,,,
,,,
,,11.5.,Sonntag
,,,
,,,
,,,
,,,
© www.kalenderpedia.de,,,Angaben ohne Gewähr
Wochenkalender   KW 20   Mai 2014,,,
,,,
12.5.,Montag,15.5.,Donnerstag
,,,
,,,
,,,
,,,
,,,
,,,
,,,
,,,
,,,
13.5.,Dienstag,16.5.,Freitag
,,,
,,,
,,,
,,,
,,,
,,,
,,,
,,,
,,,
14.5.,Mittwoch,17.5.,Samstag
,,,
,,,
,,,
,,,
,,18.5.,Sonntag
,,,
,,,
,,,
,,,
© www.kalenderpedia.de,,,Angaben ohne Gewähr
Wochenkalender   KW 21   Mai 2014,,,
,,,
19.5.,Montag,22.5.,Donnerstag
,,,
,,,
,,,
,,,
,,,
,,,
,,,
,,,
,,,
20.5.,Dienstag,23.5.,Freitag
,,,
,,,
,,,
,,,
,,,
,,,
,,,
,,,
,,,
21.5.,Mittwoch,24.5.,Samstag
,,,
,,,
,,,
,,,
,,25.5.,Sonntag
,,,
,,,
,,,
,,,
© www.kalenderpedia.de,,,Angaben ohne Gewähr
Wochenkalender   KW 22   Mai/Juni 2014,,,
,,,
26.5.,Montag,29.5.,Donnerstag
,,Christ Himmelfahrt (Vatertag),
,,,
,,,
,,,
,,,
,,,
,,,
,,,
,,,
27.5.,Dienstag,30.5.,Freitag
,,,
,,,
,,,
,,,
,,,
,,,
,,,
,,,
,,,
28.5.,Mittwoch,31.5.,Samstag
,,,
,,,
,,,
,,,
,,1.6.,Sonntag
,,,
,,,
,,,
,,,
© www.kalenderpedia.de,,,Angaben ohne Gewähr
Wochenkalender   KW 23   Juni 2014,,,
,,,
2.6.,Montag,5.6.,Donnerstag
,,,
,,,
,,,
,,,
,,,
,,,
,,,
,,,
,,,
3.6.,Dienstag,6.6.,Freitag
,,,
,,,
,,,
,,,
,,,
,,,
,,,
,,,
,,,
4.6.,Mittwoch,7.6.,Samstag
,,,
,,,
,,,
,,,
,,8.6.,Sonntag
,,,
,,,
,,,
,,,
© www.kalenderpedia.de,,,Angaben ohne Gewähr
Wochenkalender   KW 24   Juni 2014,,,
,,,
9.6.,Montag,12.6.,Donnerstag
Pfingstmontag,,,
,,,
,,,
,,,
,,,
,,,
,,,
,,,
,,,
10.6.,Dienstag,13.6.,Freitag
,,,
,,,
,,,
,,,
,,,
,,,
,,,
,,,
,,,
11.6.,Mittwoch,14.6.,Samstag
,,,
,,,
,,,
,,,
,,15.6.,Sonntag
,,,
,,,
,,,
,,,
© www.kalenderpedia.de,,,Angaben ohne Gewähr
Wochenkalender   KW 25   Juni 2014,,,
,,,
16.6.,Montag,19.6.,Donnerstag
,,,
,,,
,,,
,,,
,,,
,,,
,,,
,,,
,,,
17.6.,Dienstag,20.6.,Freitag
,,,
,,,
,,,
,,,
,,,
,,,
,,,
,,,
,,,
18.6.,Mittwoch,21.6.,Samstag
,,,
,,,
,,,
,,,
,,22.6.,Sonntag
,,,
,,,
,,,
,,,
© www.kalenderpedia.de,,,Angaben ohne Gewähr
Wochenkalender   KW 26   Juni 2014,,,
,,,
23.6.,Montag,26.6.,Donnerstag
,,,
,,,
,,,
,,,
,,,
,,,
,,,
,,,
,,,
24.6.,Dienstag,27.6.,Freitag
,,,
,,,
,,,
,,,
,,,
,,,
,,,
,,,
,,,
25.6.,Mittwoch,28.6.,Samstag
,,,
,,,
,,,
,,,
,,29.6.,Sonntag
,,,
,,,
,,,
,,,
© www.kalenderpedia.de,,,Angaben ohne Gewähr
Wochenkalender   KW 27   Juli 2014,,,
,,,
30.6.,Montag,3.7.,Donnerstag
,,,
,,,
,,,
,,,
,,,
,,,
,,,
,,,
,,,
1.7.,Dienstag,4.7.,Freitag
,,,
,,,
,,,
,,,
,,,
,,,
,,,
,,,
,,,
2.7.,Mittwoch,5.7.,Samstag
,,,
,,,
,,,
,,,
,,6.7.,Sonntag
,,,
,,,
,,,
,,,
© www.kalenderpedia.de,,,Angaben ohne Gewähr
Wochenkalender   KW 28  Juli 2014,,,
,,,
7.7.,Montag,10.7.,Donnerstag
,,,
,,,
,,,
,,,
,,,
,,,
,,,
,,,
,,,
8.7.,Dienstag,11.7.,Freitag
,,,
,,,
,,,
,,,
,,,
,,,
,,,
,,,
,,,
9.7.,Mittwoch,12.7.,Samstag
,,,
,,,
,,,
,,,
,,13.7.,Sonntag
,,,
,,,
,,,
,,,
© www.kalenderpedia.de,,,Angaben ohne Gewähr
Wochenkalender   KW 29   Juli 2014,,,
,,,
14.7.,Montag,17.7.,Donnerstag
,,,
,,,
,,,
,,,
,,,
,,,
,,,
,,,
,,,
15.7.,Dienstag,18.7.,Freitag
,,,
,,,
,,,
,,,
,,,
,,,
,,,
,,,
,,,
16.7.,Mittwoch,19.7.,Samstag
,,,
,,,
,,,
,,,
,,20.7.,Sonntag
,,,
,,,
,,,
,,,
© www.kalenderpedia.de,,,Angaben ohne Gewähr
Wochenkalender   KW 30   Juli 2014,,,
,,,
21.7.,Montag,24.7.,Donnerstag
,,,
,,,
,,,
,,,
,,,
,,,
,,,
,,,
,,,
22.7.,Dienstag,25.7.,Freitag
,,,
,,,
,,,
,,,
,,,
,,,
,,,
,,,
,,,
23.7.,Mittwoch,26.7.,Samstag
,,,
,,,
,,,
,,,
,,27.7.,Sonntag
,,,
,,,
,,,
,,,
© www.kalenderpedia.de,,,Angaben ohne Gewähr
Wochenkalender   KW 31   Juli/August 2014,,,
,,,
28.7.,Montag,31.7.,Donnerstag
,,,
,,,
,,,
,,,
,,,
,,,
,,,
,,,
,,,
29.7.,Dienstag,1.8.,Freitag
,,,
,,,
,,,
,,,
,,,
,,,
,,,
,,,
,,,
30.7.,Mittwoch,2.8.,Samstag
,,,
,,,
,,,
,,,
,,3.8.,Sonntag
,,,
,,,
,,,
,,,
© www.kalenderpedia.de,,,Angaben ohne Gewähr
Wochenkalender   KW 32   August 2014,,,
,,,
4.8.,Montag,7.8.,Donnerstag
,,,
,,,
,,,
,,,
,,,
,,,
,,,
,,,
,,,
5.8.,Dienstag,8.8.,Freitag
,,,
,,,
,,,
,,,
,,,
,,,
,,,
,,,
,,,
6.8.,Mittwoch,9.8.,Samstag
,,,
,,,
,,,
,,,
,,10.8.,Sonntag
,,,
,,,
,,,
,,,
© www.kalenderpedia.de,,,Angaben ohne Gewähr
Wochenkalender   KW 33   August 2014,,,
,,,
11.8.,Montag,14.8.,Donnerstag
,,,
,,,
,,,
,,,
,,,
,,,
,,,
,,,
,,,
12.8.,Dienstag,15.8.,Freitag
,,,
,,,
,,,
,,,
,,,
,,,
,,,
,,,
,,,
13.8.,Mittwoch,16.8.,Samstag
,,,
,,,
,,,
,,,
,,17.8.,Sonntag
,,,
,,,
,,,
,,,
© www.kalenderpedia.de,,,Angaben ohne Gewähr
Wochenkalender   KW 34   August 2014,,,
,,,
18.8.,Montag,21.8.,Donnerstag
,,,
,,,
,,,
,,,
,,,
,,,
,,,
,,,
,,,
19.8.,Dienstag,22.8.,Freitag
,,,
,,,
,,,
,,,
,,,
,,,
,,,
,,,
,,,
20.8.,Mittwoch,23.8.,Samstag
,,,
,,,
,,,
,,,
,,24.8.,Sonntag
,,,
,,,
,,,
,,,
© www.kalenderpedia.de,,,Angaben ohne Gewähr
Wochenkalender   KW 35   August/September 2014,,,
,,,
25.8.,Montag,28.8.,Donnerstag
,,,
,,,
,,,
,,,
,,,
,,,
,,,
,,,
,,,
26.8.,Dienstag,29.8.,Freitag
,,,
,,,
,,,
,,,
,,,
,,,
,,,
,,,
,,,
27.8.,Mittwoch,30.8.,Samstag
,,,
,,,
,,,
,,,
,,31.8.,Sonntag
,,,
,,,
,,,
,,,
© www.kalenderpedia.de,,,Angaben ohne Gewähr
Wochenkalender   KW 36   September 2014,,,
,,,
1.9.,Montag,4.9.,Donnerstag
,,,
,,,
,,,
,,,
,,,
,,,
,,,
,,,
,,,
2.9.,Dienstag,5.9.,Freitag
,,,
,,,
,,,
,,,
,,,
,,,
,,,
,,,
,,,
3.9.,Mittwoch,6.9.,Samstag
,,,
,,,
,,,
,,,
,,7.9.,Sonntag
,,,
,,,
,,,
,,,
© www.kalenderpedia.de,,,Angaben ohne Gewähr
Wochenkalender   KW 37   September 2014,,,
,,,
8.9.,Montag,11.9.,Donnerstag
,,,
,,,
,,,
,,,
,,,
,,,
,,,
,,,
,,,
9.9.,Dienstag,12.9.,Freitag
,,,
,,,
,,,
,,,
,,,
,,,
,,,
,,,
,,,
10.9.,Mittwoch,13.9.,Samstag
,,,
,,,
,,,
,,,
,,14.9.,Sonntag
,,,
,,,
,,,
,,,
© www.kalenderpedia.de,,,Angaben ohne Gewähr
Wochenkalender   KW 38   September 2014,,,
,,,
15.9.,Montag,18.9.,Donnerstag
,,,
,,,
,,,
,,,
,,,
,,,
,,,
,,,
,,,
16.9.,Dienstag,19.9.,Freitag
,,,
,,,
,,,
,,,
,,,
,,,
,,,
,,,
,,,
17.9.,Mittwoch,20.9.,Samstag
,,,
,,,
,,,
,,,
,,21.9.,Sonntag
,,,
,,,
,,,
,,,
© www.kalenderpedia.de,,,Angaben ohne Gewähr
Wochenkalender   KW 39   September 2014,,,
,,,
22.9.,Montag,25.9.,Donnerstag
,,,
,,,
,,,
,,,
,,,
,,,
,,,
,,,
,,,
23.9.,Dienstag,26.9.,Freitag
,,,
,,,
,,,
,,,
,,,
,,,
,,,
,,,
,,,
24.9.,Mittwoch,27.9.,Samstag
,,,
,,,
,,,
,,,
,,28.9.,Sonntag
,,,
,,,
,,,
,,,
© www.kalenderpedia.de,,,Angaben ohne Gewähr
Wochenkalender   KW 40   September/Oktober 2014,,,
,,,
29.9.,Montag,2.10.,Donnerstag
,,,
,,,
,,,
,,,
,,,
,,,
,,,
,,,
,,,
30.9.,Dienstag,3.10.,Freitag
,,Tag der Deutschen Einheit,
,,,
,,,
,,,
,,,
,,,
,,,
,,,
,,,
1.10.,Mittwoch,4.10.,Samstag
,,,
,,,
,,,
,,,
,,5.10.,Sonntag
,,,
,,,
,,,
,,,
© www.kalenderpedia.de,,,Angaben ohne Gewähr
Wochenkalender   KW 41   Oktober 2014,,,
,,,
6.10.,Montag,9.10.,Donnerstag
,,,
,,,
,,,
,,,
,,,
,,,
,,,
,,,
,,,
7.10.,Dienstag,10.10.,Freitag
,,,
,,,
,,,
,,,
,,,
,,,
,,,
,,,
,,,
8.10.,Mittwoch,11.10.,Samstag
,,,
,,,
,,,
,,,
,,12.10.,Sonntag
,,,
,,,
,,,
,,,
© www.kalenderpedia.de,,,Angaben ohne Gewähr
Wochenkalender   KW 42   Oktober 2014,,,
,,,
13.10.,Montag,16.10.,Donnerstag
,,,
,,,
,,,
,,,
,,,
,,,
,,,
,,,
,,,
14.10.,Dienstag,17.10.,Freitag
,,,
,,,
,,,
,,,
,,,
,,,
,,,
,,,
,,,
15.10.,Mittwoch,18.10.,Samstag
,,,
,,,
,,,
,,,
,,19.10.,Sonntag
,,,
,,,
,,,
,,,
© www.kalenderpedia.de,,,Angaben ohne Gewähr
Wochenkalender   KW 43   Oktober 2014,,,
,,,
20.10.,Montag,23.10.,Donnerstag
,,,
,,,
,,,
,,,
,,,
,,,
,,,
,,,
,,,
21.10.,Dienstag,24.10.,Freitag
,,,
,,,
,,,
,,,
,,,
,,,
,,,
,,,
,,,
22.10.,Mittwoch,25.10.,Samstag
,,,
,,,
,,,
,,,
,,26.10.,Sonntag
,,,
,,,
,,,
,,,
© www.kalenderpedia.de,,,Angaben ohne Gewähr
Wochenkalender   KW 44   Oktober/November 2014,,,
,,,
27.10.,Montag,30.10.,Donnerstag
,,,
,,,
,,,
,,,
,,,
,,,
,,,
,,,
,,,
28.10.,Dienstag,31.10.,Freitag
,,,
,,,
,,,
,,,
,,,
,,,
,,,
,,,
,,,
29.10.,Mittwoch,1.11.,Samstag
,,,
,,,
,,,
,,,
,,2.11.,Sonntag
,,,
,,,
,,,
,,,
© www.kalenderpedia.de,,,Angaben ohne Gewähr
Wochenkalender   KW 45   November 2014,,,
,,,
3.11.,Montag,6.11.,Donnerstag
,,,
,,,
,,,
,,,
,,,
,,,
,,,
,,,
,,,
4.11.,Dienstag,7.11.,Freitag
,,,
,,,
,,,
,,,
,,,
,,,
,,,
,,,
,,,
5.11.,Mittwoch,8.11.,Samstag
,,,
,,,
,,,
,,,
,,9.11.,Sonntag
,,,
,,,
,,,
,,,
© www.kalenderpedia.de,,,Angaben ohne Gewähr
Wochenkalender   KW 46   November 2014,,,
,,,
10.11.,Montag,13.11.,Donnerstag
,,,
,,,
,,,
,,,
,,,
,,,
,,,
,,,
,,,
11.11.,Dienstag,14.11.,Freitag
,,,
,,,
,,,
,,,
,,,
,,,
,,,
,,,
,,,
12.11.,Mittwoch,15.11.,Samstag
,,,
,,,
,,,
,,,
,,16.11.,Sonntag
,,,
,,,
,,,
,,,
© www.kalenderpedia.de,,,Angaben ohne Gewähr
Wochenkalender   KW 47   November 2014,,,
,,,
17.11.,Montag,20.11.,Donnerstag
,,,
,,,
,,,
,,,
,,,
,,,
,,,
,,,
,,,
18.11.,Dienstag,21.11.,Freitag
,,,
,,,
,,,
,,,
,,,
,,,
,,,
,,,
,,,
19.11.,Mittwoch,22.11.,Samstag
,,,
,,,
,,,
,,,
,,23.11.,Sonntag
,,,
,,,
,,,
,,,
© www.kalenderpedia.de,,,Angaben ohne Gewähr
Wochenkalender   KW 48   November/Dezember 2014,,,
,,,
24.11.,Montag,27.11.,Donnerstag
,,,
,,,
,,,
,,,
,,,
,,,
,,,
,,,
,,,
25.11.,Dienstag,28.11.,Freitag
,,,
,,,
,,,
,,,
,,,
,,,
,,,
,,,
,,,
26.11.,Mittwoch,29.11.,Samstag
,,,
,,,
,,,
,,,
,,30.11.,Sonntag
,,,
,,,
,,,
,,,
© www.kalenderpedia.de,,,Angaben ohne Gewähr
Wochenkalender   KW 49   Dezember 2014,,,
,,,
1.12.,Montag,4.12.,Donnerstag
,,,
,,,
,,,
,,,
,,,
,,,
,,,
,,,
,,,
2.12.,Dienstag,5.12.,Freitag
,,,
,,,
,,,
,,,
,,,
,,,
,,,
,,,
,,,
3.12.,Mittwoch,6.12.,Samstag
,,,
,,,
,,,
,,,
,,7.12.,Sonntag
,,,
,,,
,,,
,,,
© www.kalenderpedia.de,,,Angaben ohne Gewähr
Wochenkalender   KW 50   Dezember 2014,,,
,,,
8.12.,Montag,11.12.,Donnerstag
,,,
,,,
,,,
,,,
,,,
,,,
,,,
,,,
,,,
9.12.,Dienstag,12.12.,Freitag
,,,
,,,
,,,
,,,
,,,
,,,
,,,
,,,
,,,
10.12.,Mittwoch,13.12.,Samstag
,,,
,,,
,,,
,,,
,,14.12.,Sonntag
,,,
,,,
,,,
,,,
© www.kalenderpedia.de,,,Angaben ohne Gewähr
Wochenkalender   KW 51   Dezember 2014,,,
,,,
15.12.,Montag,18.12.,Donnerstag
,,,
,,,
,,,
,,,
,,,
,,,
,,,
,,,
,,,
16.12.,Dienstag,19.12.,Freitag
,,,
,,,
,,,
,,,
,,,
,,,
,,,
,,,
,,,
17.12.,Mittwoch,20.12.,Samstag
,,,
,,,
,,,
,,,
,,21.12.,Sonntag
,,,
,,,
,,,
,,,
© www.kalenderpedia.de,,,Angaben ohne Gewähr
Wochenkalender   KW 52   Dezember 2014,,,
,,,
22.12.,Montag,25.12.,Donnerstag
,,1. Weihnachtsfeiertag,
,,,
,,,
,,,
,,,
,,,
,,,
,,,
,,,
23.12.,Dienstag,26.12.,Freitag
,,2. Weihnachtsfeiertag,
,,,
,,,
,,,
,,,
,,,
,,,
,,,
,,,
24.12.,Mittwoch,27.12.,Samstag
,,,
,,,
,,,
,,,
,,28.12.,Sonntag
,,,
,,,
,,,
,,,
© www.kalenderpedia.de,,,Angaben ohne Gewähr
Wochenkalender   KW 1   Dezember 2014/Januar 2015,,,
,,,
29.12.,Montag,1.1.,Donnerstag
,,Neujahr,
,,,
,,,
,,,
,,,
,,,
,,,
,,,
,,,
30.12.,Dienstag,2.1.,Freitag
,,,
,,,
,,,
,,,
,,,
,,,
,,,
,,,
,,,
31.12.,Mittwoch,3.1.,Samstag
,,,
,,,
,,,
,,,
,,4.1.,Sonntag
,,,
,,,
,,,
,,,
© www.kalenderpedia.de,,,Angaben ohne Gewähr
